<!--
  ~ CODENVY CONFIDENTIAL
  ~ __________________
  ~
  ~ [2012] - [2013] Codenvy, S.A.
  ~ All Rights Reserved.
  ~
  ~ NOTICE:  All information contained herein is, and remains
  ~ the property of Codenvy S.A. and its suppliers,
  ~ if any.  The intellectual and technical concepts contained
  ~ herein are proprietary to Codenvy S.A.
  ~ and its suppliers and may be covered by U.S. and Foreign Patents,
  ~ patents in process, and are protected by trade secret or copyright law.
  ~ Dissemination of this information or reproduction of this material
  ~ is strictly forbidden unless prior written permission is obtained
  ~ from Codenvy S.A..
  -->


<ui:UiBinder xmlns:ui='urn:ui:com.google.gwt.uibinder'
             xmlns:g='urn:import:com.google.gwt.user.client.ui'>
    <g:HTMLPanel>
        <p>Tutorial How-To</p>
         <div id="main">
       <h1>JSplumb Demo with GWT</h1>
    </div>  
        <p>A Groovy file will open. You can see that the editor has applied syntax highlighting for this particular file type.</p>
    </g:HTMLPanel>

</ui:UiBinder>
